제어번호,제목,저자,발행처,발행년도,
1,나미야 잡화점의 기적 :히가시노 게이고 장편소설,히가시노 게이고 지음,현대문학,2012,
2,소년이 온다 :한강 장편소설,한강 지음,창비,2014,
3,여행의 이유 :김영하 산문,김영하 지음,문학동네,2019,
4,바깥은 여름 :김애란 소설,김애란 [지음],문학동네,2017,
5,미드나잇 라이브러리,매트 헤이그 지음,인플루엔셜,2021,
6,"총, 균, 쇠 :무기, 병균, 금속은 인류의 운명을 어떻게 바꿨는가",재레드 다이아몬드 지음,문학사상,2013,
7,지구 끝의 온실 :김초엽 장편소설,김초엽 지음,Giant Books(자이언트북스),2021,
8,친밀한 이방인 :정한아 장편소설,정한아 지음,문학동네,2017,
9,"햇빛은 찬란하고 인생은 귀하니까요 :밀라논나 이야기: ciao, amici",장명숙 지음,김영사,2021,
10,가재가 노래하는 곳 :델리아 오언스 장편소설,델리아 오언스 [지음],살림 : 살림출판사,2019,
11,홍학의 자리 :정해연 장편소설,정해연 지음,엘릭시르 : 문학동네,2021,
12,돌이킬 수 없는 약속 :야쿠마루 가쿠 장편소설,야쿠마루 가쿠 지음,북플라자(Book plaza),2017,
13,불편한 편의점 :김호연 장편소설,김호연 지음,나무옆의자,2021,
14,역행자 :돈?시간?운명으로부터 완전한 자유를 얻는 7단계 인생 공략집,자청 지음,웅진지식하우스 : 웅진씽크빅,2022,
15,파친코 :이민진 장편소설 .2,이민진 지음,문학사상,2018,
16,"(서울 자가에 대기업 다니는) 김 부장 이야기 .1 ,김 부장 편",송희구 지음,서삼독,2021,
17,H마트에서 울다,미셸 자우너 지음,문학동네,2022,
18,나는 소망한다 내게 금지된 것을 :양귀자 장편소설,양귀자 [지음],쓰다,2019,
19,달러구트 꿈 백화점 :주문하신 꿈은 매진입니다 : 이미예 장편소설,이미예 지음,팩토리나인,2020,
20,밝은 밤 :최은영 장편소설,최은영 지음,문학동네,2021,
21,"사피엔스 :유인원에서 사이보그까지, 인간 역사의 대담하고 위대한 질문",유발 하라리 지음,김영사,2015,
22,완전한 행복 :정유정 장편소설,정유정 지음,은행나무,2021,
23,우리가 빛의 속도로 갈 수 없다면 :김초엽 소설집,김초엽 지음,허블,2019,
24,이기적 유전자,리처드 도킨스 지음,을유문화사,2018,
25,테라피스트 :B.A. 패리스 장편소설,B.A. 패리스 지음,모모,2021,
26,하얼빈 :김훈 장편소설,김훈 지음,문학동네,2022,
27,"(1일 1로그 100일 완성) IT 지식 :하드웨어, 소프트웨어, 통신, 데이터, 4가지 IT 근육으로 디지털 문해력 기르기",브라이언 W. 커니핸 지음,인사이트,2021,
28,구의 증명 :최진영 소설,최진영 지음,은행나무,2015,
29,나는 부동산과 맞벌이한다 :배우자 대신 꼬박꼬박 월급을 가져오는 시스템 만들기,너바나 지음,시공사: 알키,2015,
30,내가 틀릴 수도 있습니다 :숲속의 현자가 전하는 마지막 인생수업,비욘 나티코 린데블라드 지음,다산초당 : 다산북스,2022,
31,"달러구트 꿈 백화점 :이미예 장편소설 .2 ,단골손님을 찾습니다",이미예 지음,팩토리나인,2021,
32,대도시의 사랑법 :박상영 연작소설,박상영 지음,창비,2019,
33,바깥,안익수 외 지음,마음산책,2012,
34,부자 아빠 가난한 아빠 :부자들이 들려주는 '돈'과 '투자'의 비밀 : 20주년 특별 기념판,로버트 기요사키 지음,민음인,2018,
35,자본 .Ⅲ-1,카를 마르크스 지음,길,2010,
36,파친코 :이민진 장편소설 .1,이민진 지음,문학사상,2018,
37,프로젝트 헤일메리,앤디 위어 지음,RHK(알에이치코리아),2021,
38,당신은 결국 무엇이든 해내는 사람 :김상현 에세이,김상현 지음,필름: 필름(Feelm) 출판사,2022,
39,레슨 인 케미스트리 :보니 가머스 장편소설 .1,보니 가머스 지음,다산책방: 다산북스,2022,
40,방구석 미술관 :가볍고 편하게 시작하는 유쾌한 교양 미술,조원재 지음,백도씨: 블랙피쉬,2018,
41,센 강의 이름 모를 여인 :기욤 뮈소 장편소설,기욤 뮈소 지음,밝은세상,2022,
42,소크라테스 익스프레스 :철학이 우리 인생에 스며드는 순간,에릭 와이너 지음,어크로스: 어크로스출판그룹,2021,
43,"시선으로부터, :정세랑 장편소설",정세랑 지음,문학동네,2020,
44,신경 끄기의 기술 :인생에서 가장 중요한 것만 남기는 힘,마크 맨슨 지음,갤리온: 웅진씽크빅,2017,
45,아몬드 :손원평 장편소설,손원평 [지음],창비,2017,
46,저주토끼 :정보라 소설집 =Cursed bunny,정보라 지음,아작,2017,
47,(김경필의) 오늘은 짠테크 내일은 플렉스 :제대로 혼쭐나며 배우는 재테크 기본기,김경필 지음,김영사,2022,
48,"(서울 자가에 대기업 다니는) 김 부장 이야기 .3 ,송 과장 편",송희구 지음,서삼독,2021,
49,"그릿 :IQ, 재능, 환경을 뛰어넘는 열정적 끈기의 힘",앤절라 더크워스 지음,비즈니스북스,2019,
50,"나의 문화유산답사기 :내 고향 서울 이야기 .11 ,서울편 3 : 사대문 안동네",유홍준 지음,창비,2022,
51,내게 무해한 사람 :최은영 소설,최은영 지음,문학동네,2018,
52,"모든 것은 기본에서 시작한다 :실력도 기술도 사람 됨됨이도, 기본을 지키는 손웅정의 삶의 철학",손웅정 지음,수오서재,2021,
53,순례주택 :유은실 소설,유은실 지음,비룡소,2021,
54,"어서 오세요, 휴남동 서점입니다 :황보름 장편소설",황보름 지음,클레이하우스,2022,
55,엑시트 :당신의 인생을 바꿔 줄 부자의 문이 열린다! =Exit,송희창 지음,지혜로,2020,
56,우리는 모두 죽는다는 것을 기억하라 :삶의 다른 방식을 찾고 있는 당신에게,웨인 다이어 지음,Tornado(토네이도),2019,
57,작별인사 :김영하 장편소설,김영하 지음,복복서가,2022,
58,"창발의 시대 :경제혁명, 종교개혁, 르네상스, 그리고 세계를 뒤흔든 40년의 역사",패트릭 와이먼 지음,Connecting: 로크미디어,2022,
59,천 개의 파랑 :한국과학문학상 장편 대상 : 천선란 장편소설,천선란 지음,허블,2020,
60,천문학자는 별을 보지 않는다,심채경 지음,문학동네,2021,
61,"(24단계 실습으로 정복하는) 쿠버네티스 :헬름, 로키, 프로메테우스 등 현장에서 바로 활용할 수 있는 쿠버네티스 도구 활용법",이정훈 지음,위키북스,2022,
62,(나를 숨 쉬게 하는) 보통의 언어들,김이나 지음,위즈덤하우스,2020,
63,"(서울 자가에 대기업 다니는) 김 부장 이야기 .2 ,정 대리?권 사원 편",송희구 지음,서삼독,2021,
64,(이상한 과자 가게) 전천당 .14,히로시마 레이코 글,길벗스쿨,2022,
65,가진 돈은 몽땅 써라 :먹고 놀고 마시는 데 목숨 걸어라: 다시 살 수 없는 것들에 투자하라,호리에 다카후미 지음,쌤앤파커스,2021,
66,긴긴밤,루리 글?그림,문학동네,2021,
67,나는 왜 생각이 많을까? :머릿속의 스위치를 끄고 싶을 때 보는 뇌과학 이야기: 뇌과학이 선택한 45가지 단순 사고법,홋타 슈고 지음,서사원,2021,
68,"나의 문화유산답사기 :한양도성 밖 역사의 체취 .12 ,서울편 4 : 강북과 강남",유홍준 지음,창비,2022,
69,다정한 것이 살아남는다,브라이언 헤어,디플롯,2021,
70,달콩이네 떡집,김리리 글,비룡소,2021,
71,도파민네이션 :쾌락 과잉 시대에서 균형 찾기,애나 렘키 지음,흐름출판,2022,
72,마음의 법칙 :사람의 마음을 사로잡는 51가지 심리학,폴커 키츠,포레스트북스 : 콘텐츠그룹 포레스트,2022,
73,망원동 브라더스 :김호연 장편소설,김호연 지음,나무옆의자,2013,
74,모순 :양귀자 소설,양귀자 지음,쓰다,2013,
75,목소리를 드릴게요 :정세랑 소설집,정세랑 지음,아작,2020,
76,"물고기는 존재하지 않는다 :상실, 사랑 그리고 숨어 있는 삶의 질서에 관한 이야기",룰루 밀러 지음,곰출판,2021,
77,미라클모닝 :당신의 하루를 바꾸는 기적 아침 6분이면 충분하다,할 엘로드 지음,한빛비즈,2016,
78,믿음에 대하여 :박상영 연작소설,박상영 지음,문학동네,2022,
79,방금 떠나온 세계 :김초엽 소설집,김초엽 지음,한겨레출판: 한겨레엔,2021,
80,백광 :렌조 미키히코 장편소설,렌조 미키히코 지음,모모: 바이포엠 스튜디오,2022,
81,베러티,콜린 후버 지음,미래지향,2022,
82,선량한 차별주의자,김지혜 지음,창비,2019,
83,세상의 마지막 기차역 =The last train station in the world,무라세 다케시 지음,모모: 바이포엠 스튜디오,2022,
84,수상한 중고상점 :오늘도 정상 영업 중: 미치오 슈스케 장편소설,미치오 슈스케 지음,놀: 다산북스,2022,
85,아버지의 해방일지 :정지아 장편소설,정지아 지음,창비,2022,
86,요즘 사는 맛 :먹고 사는 일에 누구보다 진심인 작가들의 일상 속 음식 이야기,김겨울,위즈덤하우스,2022,
87,우리는 어디서 살아야 하는가 :인문학자가 직접 고른 살기 좋고 사기 좋은 땅,김시덕 지음,포레스트북스: 콘텐츠그룹 포레스트,2022,
88,원씽 =(The) one thing,게리 켈러,비즈니스북스,2013,
89,유리탑의 살인 =The glass tower murder,치넨 미키토 지음,Readbie: 디앤씨미디어,2022,
90,이순신의 바다 :그 바다는 무엇을 삼켰나,황현필 지음,역바연,2021,
91,종의 기원 :정유정 장편소설 =The origin of species,정유정 지음,은행나무,2016,
92,지극히 사적인 네팔 :섞이지 않지만 밀어내지도 않는 사람들,수잔 샤키야,틈새책방,2022,
93,"지적 대화를 위한 넓고 얕은 지식 .1 ,현실-역사?경제?정치?사회?윤리",채사장 지음,웨일북(Whale Books),2020,
94,최소한의 선의,문유석 지음,문학동네,2021,
95,최재천의 공부 :어떻게 배우며 살 것인가,최재천,김영사,2022,
96,"칵테일, 러브, 좀비",조예은 지음,안전가옥,2020,
97,파친코 :이민진 장편소설 .2,이민진 지음,인플루엔셜,2022,
98,피프티 피플 :정세랑 장편소설,정세랑 지음,창비,2016,
99,허상의 어릿광대,히가시노 게이고 지음,재인,2021,
100,(50대 사건으로 보는) 돈의 역사 =The history of Money,홍춘욱 지음,Rok Media(로크미디어),2019,
101,(EBS 다큐프라임) 자본주의 :금융?소비?돈에 관한 33가지 비밀,EBS <자본주의> 제작팀,가나 : 가나문화콘텐츠,2013,
102,"(비전공자도 이해할 수 있는) AI 지식 :구글 검색부터 유튜브 추천, 파파고 번역과 내비게이션까지 일상을 움직이는 인공지능 이해하기",박상길 지음,반니,2022,
103,"(세상에서 가장 쉬운) 본질육아 :삶의 근본을 보여주는 부모, 삶을 스스로 개척하는 아이",지나영 지음,21세기북스: 북이십일,2022,
104,(재무제표와 돈의 흐름이 보이는) 하마터면 회계를 모르고 일할 뻔했다!,김수헌,어바웃어북(About a book),2018,
105,"(호야의) 티키타카 경제왕 :어린이 금융 습관 기르기 프로젝트 .1 ,아빠, 나도 돈을 벌고 싶어요",달콤팩토리 글,아울북: 북이십일,2022,
106,1차원이 되고 싶어 :박상영 장편소설,박상영 지음,문학동네,2021,
107,7년의 밤 :정유정 장편소설,정유정 지음,은행나무,2011,
108,개인주의자 선언 :판사 문유석의 일상유감,문유석 [지음],문학동네,2015,
109,고래 :천명관 장편소설,천명관 지음,문학동네,2007,
110,공정하다는 착각 :능력주의는 모두에게 같은 기회를 제공하는가,마이클 샌델 지음,와이즈베리: 미래엔,2020,
111,나의 투자는 새벽 4시에 시작된다 :3년만에 300억으로 돌아온 유목민의 투자 인사이트,유목민 지음,리더스북: 웅진씽크빅,2022,
112,나의 하루는 4시 30분에 시작된다 :하루를 두 배로 사는 단 하나의 습관,김유진 지음,Tornado(토네이도),2020,
113,날마다 만우절 :윤성희 소설,윤성희 지음,문학동네,2021,
114,단순한 열정 :아니 에르노 소설,아니 에르노 [저],문학동네,2011,
115,단순한 열정 :아니 에르노 소설,아니 에르노 지음,문학동네,2012,
116,더 시스템 :거의 모든 일에 실패하던 자가 결국 큰 성공을 이루어낸 방법 =The system,스콧 애덤스 지음,베리북,2020,
117,돈으로 살 수 없는 것들 :무엇이 가치를 결정하는가,마이클 샌델 [지음],와이즈베리: 미래엔,2012,
118,돈의 속성 :최상위 부자가 말하는 돈에 대한 모든 것,김승호 지음,스노우폭스북스,2020,
119,돈의 심리학 :당신은 왜 부자가 되지 못했는가,모건 하우절 지음,인플루엔셜,2021,
120,레버리지 :자본주의 속에 숨겨진 부의 비밀,롭 무어 지음,다산북스: 다산3.0,2017,
121,레슨 인 케미스트리 :보니 가머스 장편소설 .2,보니 가머스 지음,다산책방: 다산북스,2022,
122,마흔에 읽는 니체 :지금 이 순간을 살기 위한 철학 수업: Nietzsche,장재형 지음,유노북스: 유노콘텐츠그룹,2022,
123,모래알만 한 진실이라도 :박완서 에세이,박완서 지음,세계사 : 세계사 컨텐츠 그룹,2020,
124,무례한 사람에게 웃으며 대처하는 법 :인생 자체는 긍정적으로 개소리에는 단호하게,정문정 지음,가나문화콘텐츠 : 가나출판사,2018,
125,미움받을 용기 :자유롭고 행복한 삶을 위한 아들러의 가르침,기시미 이치로,인플루엔셜,2014,
126,미치게 친절한 철학 :개념과 맥락으로 독파하는 철학 이야기,안상헌 지음,행성B(행성비),2019,
127,변화하는 세계질서,레이 달리오 지음,한빛비즈,2022,
128,복수 법률사무소 :도진기 장편소설 .3,도진기 지음,황금가지,2022,
129,부의 시나리오 :불확실성을 기회로 만드는 4가지 투자전략,오건영 지음,Page2(페이지2북스),2021,
130,부의 인문학 :슈퍼리치의 서재에서 찾아낸 부자의 길,우석 지음,Openmind(오픈마인드),2022,
131,부의 인문학 :슈퍼리치의 서재에서 찾아낸 부자의 길,브라운스톤 지음,Openmind(오픈마인드),2019,
132,부의 추월차선 :부자들이 말해 주지 않는 진정한 부를 얻는 방법,엠제이 드마코 지음,북새통: 토트출판사,2013,
133,생각에 관한 생각 :우리의 행동을 지배하는 생각의 반란,대니얼 카너먼 [지음],김영사,2018,
134,쇼코의 미소 :최은영 소설,최은영 [지음],문학동네,2016,
135,수상한 목욕탕,마쓰오 유미 지음,문예춘추사,2022,
136,숨 :테드 창 소설,테드 창 [지음],엘리 : 북하우스 퍼블리셔스,2019,
137,스토너 :존 윌리엄스 장편소설,존 윌리엄스 [지음],RHK(알에이치코리아),2015,
138,아몬드 :손원평 장편소설,손원평 지음,창비,2022,
139,아몬드 :손원평 장편소설,손원평 지음,창비,2017,
140,"어느 날, 내 죽음에 네가 들어왔다",세이카 료겐 지음,바이포엠 스튜디오,2022,
141,오리지널스 :어떻게 순응하지 않는 사람들이 세상을 움직이는가,애덤 그랜트 지음,한국경제신문: 한경BP,2016,
142,월급쟁이 부자로 은퇴하라 :3년 만에 30년 치 연봉을 번 김 과장의 시스템 마련법,너나위 지음,RHK(알에이치코리아),2019,
143,월급쟁이 부자로 은퇴하라 :월급쟁이에서 100억 자산가로 변신한 '아는 선배'의 시스템 마련법,너나위 지음,RHK(알에이치코리아),2022,
144,유시민의 글쓰기 특강,유시민 지음,생각의길: 아름다운사람들,2015,
145,이어령의 마지막 수업,김지수 지음,열림원,2021,
146,"인플레이션에서 살아남기 :애프터 인플레, 누가 돈을 벌까?",오건영 지음,Page2(페이지2북스),2022,
147,작별하지 않는다 :한강 장편소설,한강 지음,문학동네,2021,
148,장수탕 선녀님,백희나 글?그림,책읽는곰,2012,
149,재수사 :장강명 장편소설 .1,장강명 지음,은행나무,2022,
150,"전세가를 알면 부동산 투자가 보인다 :부동산 가격 변화의 비밀 '심리, 전세, 정책'",이현철 지음,매경출판: 매일경제신문사,2018,
151,"정리하는 뇌 :디지털 시대, 정보와 선택 과부하로 뒤엉킨 머릿속과 일상을 정리하는 기술",대니얼 J. 레비틴 지음,와이즈베리,2015,
152,조인계획 :히가시노 게이고 장편소설,히가시노 게이고 지음,현대문학,2022,
153,종이 동물원 :켄 리우 소설,켄 리우 [지음],황금가지,2018,
154,죽고 싶지만 떡볶이는 먹고 싶어 :백세희 에세이,백세희 지음,흔,2018,
155,"지리의 힘 :지리는 어떻게 개인의 운명을, 세계사를, 세계 경제를 좌우하는가",팀 마샬 지음,사이,2016,
156,"지적 대화를 위한 넓고 얕은 지식 ,철학, 과학, 예술, 종교, 신비 편",채사장 지음,한빛비즈,2015,
157,채식주의자 :한강 연작소설,한강 지음,창비,2007,
158,코스모스 :특별판,칼 세이건 지음,사이언스북스,2006,
159,클루지 :생각의 역사를 뒤집는 기막힌 발견,개리 마커스 지음,갤리온,2008,
160,타인의 해석 :당신이 모르는 사람을 만났을 때,말콤 글래드웰 지음,김영사,2020,
161,피로사회,한병철 [지음],문학과지성사,2012,
162,하루 한문 공부 :우리말 문해력을 높이는 한문교양 365,임자헌 지음,유유,2023,
163,(10년 동안) 적금밖에 모르던 39세 김 과장은 어떻게 1년 만에 부동산 천재가 됐을까? :5년 만에 자산을 100배 불린 투자고수 렘군의 단기속성 부동산 스쿨,김재수 지음,비즈니스북스,2018,
164,"(고양이 해결사) 깜냥 :홍민정 동화 .4 ,눈썰매장을 씽씽 달려라!",홍민정 지음,창비,2022,
165,(구슬쌤의) 예의 바른 영어 표현,구슬 지음,사람in,2021,
166,(나만을 위한) 레이 달리오의 원칙 :일과 삶의 성공을 위한 나만의 원칙 만들기,레이 달리오 지음,한빛비즈,2022,
167,(보도 섀퍼의) 돈,보도 섀퍼 지음,에포케,2022,
168,"(부를 창조하는 생각의 뿌리) 웰씽킹 :10억 빚더미를 연매출 6,000억과 맞바꾼 부의 원리 =Wealthinking",켈리 최 지음,다산북스,2021,
169,(쉽게 따라 만드는) 파이썬 주식 자동매매 시스템 =Python auto trading system,박준성 지음,길벗,2021,
170,"(운명을 바꾸는) 부동산 투자 수업 :내 집 마련부터 실전 아파트 투자까지, 결국 돈 버는 부동산 투자 트레이닝 ,기초편",정태익 지음,리더스북,2022,
171,(프렌즈) 제주 :season2 '22~'23 =Jeju island,허준성 지음,중앙books : 중앙일보에스,2021,
172,(현실은 엉망이지만 그럼에도 불구하고) 제 마음대로 살아보겠습니다,이원지 글?사진,상상출판,2019,
173,10배의 법칙 :성공과 실패를 가르는 유일한 차이,그랜트 카돈 지음,부키,2022,
174,12가지 인생의 법칙 :혼돈의 해독제,조던 B. 피터슨 지음,메이븐,2018,
175,"Go go 카카오프렌즈 :세계 역사 문화 체험 학습만화 .3 ,일본(Japan)",김미영 글,아울북×Kakao Friends : 북이십일 아울북,2018,
176,"太白山脈 :趙廷來 大河小說 .3 ,제1부 恨의 모닥불",조정래 [저],해냄: 해냄출판사,2007,
177,가면산장 살인사건,히가시노 게이고 지음,재인,2014,
178,"개장 전, 아직 켜지지 않은 모니터 앞에서 :자신이 되고자 했던 시간의 기록",강민우 지음,이레미디어,2021,
179,거인의 포트폴리오 :월급을 쪼개서 경제적 자유를 만드는 23가지 전략,강환국 지음,Page2(페이지2북스),2021,
180,겨울 이불 :안녕달 그림책,안녕달 글?그림,창비,2023,
181,결핍의 경제학 :왜 부족할수록 마음은 더 끌리는가,센딜 멀레이너선,알에이치코리아,2014,
182,경매 권리분석 이렇게 쉬웠어? :생초보도 할 수 있는 초간단 권리분석법 대공개!,박희철 지음,지혜로,2019,
183,공간이 만든 공간 :새로운 생각은 어떻게 만들어지는가,유현준 지음,을유문화사,2020,
184,공자가 죽어야 나라가 산다,김경일 지음,바다출판사,1999,
185,그냥 하지 말라 :당신의 모든 것이 메시지다 =Don't just do it! : your every move is the message,송길영 지음,북스톤,2021,
186,기분을 관리하면 인생이 관리된다 :김다슬 에세이,김다슬 지음,필름: 클라우디아(Cloudia),2022,
187,긴긴밤 :큰 판형 양장본,루리 글?그림,문학동네,2021,
188,김경일의 지혜로운 인간생활 :님을 위한 행복한 인간관계 지침서,김경일 지음,저녁달,2022,
189,나는 돈이 없어도 사업을 한다 :스펙도 나이도 필요없는 주말 48시간의 기적,프레이저 도허티 지음,비즈니스북스,2017,
190,"나의 문화유산답사기 .9 ,서울편1 : 만천명월 주인옹은 말한다",유홍준 지음,창비,2017,
191,내가 알고 있는 걸 당신도 알게 된다면 :전 세계가 주목한 코넬대학교의 인류 유산 프로젝트,칼 필레머 지음,토네이도: 토네이도미디어그룹,2022,
192,다시 내일을 기대하는 법 :외로움과 허무함을 지나는 어른에게: 임현주 에세이,임현주 지음,위즈덤하우스,2023,
193,"다시, 어떻게 읽을 것인가 :종이에서 스크린, 오디오까지 디지털 전환 시대의 새로운 읽기 전략",나오미 배런 지음,어크로스: 어크로스출판그룹,2023,
194,"다이어트 사이언스 :지방세포 잠금해제 스타일스 다이어트 : 비만의 알고리즘, 간헐적 단식과 저탄수 식단의 과학 =Diet science 2022",최겸 지음,린 체인저스,2022,
195,당신이 옳다 :정혜신 적정심리학,정혜신 지음,해냄출판사,2018,
196,대인기피증이지만 탐정입니다 :니타도리 게이 소설,니타도리 게이 지음,내 친구의 서재,2022,
197,"돈, 뜨겁게 사랑하고 차갑게 다루어라",앙드레 코스톨라니 [지음],미래의창,2001,
198,라면을 끓이며 :김훈 산문,김훈 [지음],문학동네,2015,
199,마법의 설탕 두조각,미하엘 엔데 글,소년한길,2001,
200,만지고 싶은 기분 :요조 산문,요조 지음,마음산책,2023,
201,모순 :양귀자 장편소설,양귀자 지음,살림출판사,1998,
202,미스터 프레지던트 :국가 기념식과 대통령 행사 이야기 =Mr. President,탁현민 지음,메디치: 메디치미디어,2023,
203,백년 목 :100년 가는 목 만드는 단 하나의 방법,정선근 지음,사이언스북스,2017,
204,봉제인형 살인사건,다니엘 콜 지음,북플라자,2017,
205,"부의 추월차선 :30대에 억대 연봉을 만드는 55가지 역발상 .[2] ,직장인 편",고도 토키오 지음,북새통: 토트출판사,2017,
206,브라질에 비가 내리면 스타벅스 주식을 사라 :경제의 큰 흐름에서 기회를 잡는 매크로 투자 가이드,피터 나바로 지음,에프엔미디어,2022,
207,브람스를 좋아하세요..,프랑수아즈 사강 지음,민음사,2011,
208,"브레드이발소 달콤한 세계 일주 .1 ,이탈리아편",몬스터 스튜디오 원작,대원씨아이: 대원키즈,2022,
209,비하인드 도어 :B.A. 패리스 장편소설,B.A. 패리스 지음,모모: 바이포엠,2021,
210,"사람, 장소, 환대",김현경 지음,문학과지성사,2015,
211,사랑의 기술,에리히 프롬 지음,문예출판사,2021,
212,살인 플롯 짜는 노파 :엘리 그리피스 장편소설,엘리 그리피스 지음,나무옆의자,2022,
213,서울을 팔고 도쿄를 샀습니다 :월급쟁이의 일본 부동산 투자 성공기,백승 지음,RHK(알에이치코리아),2023,
214,아비투스 :인간의 품격을 결정하는 7가지 자본,도리스 메르틴 지음,다산초당 : 다산북스,2020,
215,아주 작은 습관의 힘 :최고의 변화는 어떻게 만들어지는가,제임스 클리어 지음,비즈니스북스,2019,
216,어린이라는 세계 :김소영 에세이,김소영 지음,사계절: 사계절출판사,2020,
217,여기는 커스터드 특별한 도시락을 팝니다,가토 겐 지음,필름: 필름(Feelm) 출판사,2022,
218,여행의 기술,알랭 드 보통 지음,청미래,2011,
219,오백 년째 열다섯 :김혜정 장편소설,김혜정 글,위즈덤하우스,2022,
220,완두콩의 비밀,오가와 이토 지음,더블북,2023,
221,"우리가 돈이 없지, 안목이 없냐? :빈자의 먹고사니즘에 대하여",아무개 지음,포르체,2021,
222,"우아하고 호쾌한 여자 축구 :한 팀이 된 여자들, 피치에 서다 : 김혼비 에세이",김혼비 [지음],민음사,2018,
223,이중 작가 초롱 :이미상 소설,이미상 지음,문학동네,2022,
224,이토록 뜻밖의 뇌과학 :7 1/2,리사 펠드먼 배럿 지음,더 퀘스트 : 길벗,2021,
225,자본 .Ⅱ,카를 마르크스 지음,길,2010,
226,작은 땅의 야수들 :김주혜 장편소설,김주혜 지음,다산책방: 다산북스,2022,
227,재벌집 막내아들 :산경 현대 판타지 소설 .2,산경 지음,테라코타,2022,
228,재수사 :장강명 장편소설 .2,장강명 지음,은행나무,2022,
229,"지리의 힘 :지리는 어떻게 나라의 운명을, 세계의 분쟁을, 우리의 선택을 좌우하는가 .2",팀 마샬 지음,사이,2022,
230,지적 대화를 위한 넓고 얕은 지식 :0 : 지혜를 찾아 138억 년을 달리는 시간 여행서 .[3],채사장 지음,웨일북(Whale Books),2019,
231,채식주의자 :한강 장편소설,한강 지음,창비,2022,
232,책과 우연들,김초엽 지음,열림원,2022,
233,체리새우 :비밀글입니다 : 황영미 장편소설,황영미 지음,문학동네,2019,
234,카라마조프가의 형제들 .1,표도르 도스토옙스키 지음,민음사,2007,
235,투자의 규칙 :당신의 돈을 불리고 지키는 법,매튜 갈가니 지음,이레미디어,2022,
236,튜브 :손원평 장편소설,손원평 지음,창비,2022,
237,트랜스포머를 활용한 자연어 처리 :허깅페이스 개발팀이 알려주는 자연어 애플리케이션 구축,루이스 턴스톨,한빛미디어,2022,
238,트렁크 :김려령 장편소설,김려령 [지음],창비,2015,
239,트렌드 코리아 :서울대 소비트렌드분석센터의 2023 전망 .2023,김난도,미래의창,2022,
240,파리대왕,윌리엄 골딩 지음,민음사,2010,
241,팩트풀니스 :우리가 세상을 오해하는 10가지 이유와 세상이 생각보다 괜찮은 이유,한스 로슬링,김영사,2019,
242,하쿠다 사진관 :허태연 장편소설,허태연 지음,놀: 다산북스,2022,
243,화이트 러시 =White rush,히가시노 게이고 지음,소미미디어,2023,
244,희망의 끈,히가시노 게이고 지음,재인,2022,
245,('전업투자의 전설' 남석관의) 실전 투자의 정석 =(The) practical guide to stock investing,남석관 지음,프롬북스,2018,
246,(100개의 문답으로 풀어낸) 사찰의 상징세계 .上,자현 스님 글,불광,2012,
247,(The) magic of thinking big,[by] David J/ Schwartz,A Touchstone Books,1987,
248,(The) midnight library,[by] Matt Haig,Viking,2020,
249,(게으르게 투자하고 확실하게 수익 내는) 나의 첫 ETF 포트폴리오,송민섭 지음,토네이도: 토네이도미디어그룹,2022,
250,"(다니엘 핑크) 후회의 재발견 :더 나은 나를 만드는, 가장 불쾌한 감정의 힘에 대하여",다니엘 핑크 지음,한국경제신문: 한경BP,2022,
251,(대한민국 최고 투자자 주식농부의) 주식투자 절대 원칙,박영옥 지음,센시오,2021,
252,"(데이터로 말한다!) 퍼포먼스 마케팅 :스타트업 4년, SNS 광고로만 50억 돌리고 매출 200% 올린 비결 =Performance marketing",이은영 지음,한빛미디어,2022,
253,(데일 카네기) 자기관리론,데일 카네기 지음,현대지성,2021,
254,(물러서지 않는 프로불평러의) 반항의 기술,러비 아자이 존스 지음,온워드: 웅진북센,2022,
255,(송사무장의 부동산) 경매의 기술,송희창 지음,지혜로,2017,
256,"(신비아파트) 한자귀신 :오싹 공포 한자 학습 만화 .5 ,의문의 전학생",김강현 글,서울문화사,2019,
257,"(신역) 태종실록 .2 ,2년 9월｜4년 7월",이기영,한국고전번역원,2021,
258,(월급쟁이 건물주) 클레이튼커쇼의 파이프라인 수업 :경제적 자유를 위한 자동 현금 시스템 만들기,클레이튼커쇼 지음,반니,2022,
259,(이상한 과자 가게) 전천당 .1,히로시마 레이코 글,길벗스쿨,2019,
260,(이상한 과자 가게) 전천당 .12,히로시마 레이코 글,길벗스쿨,2021,
261,(이상한 과자 가게) 전천당 .13,히로시마 레이코 글,길벗스쿨,2022,
262,(이상한 과자 가게) 전천당 .15,히로시마 레이코 글,길벗스쿨,2022,
263,"(지금 바로,) 도쿄 :다시 도쿄를 제대로 즐기다 : 2023 최신판 =Tokyo",이주호,혜지원,2023,
264,(청약부터 세금까지 50문 50답으로 완성하는) 인생 첫 부동산 공부,전형진 지음,RHK(알에이치코리아),2022,
265,(클라우드 네이티브를 위한) 쿠버네티스 실전 프로젝트 :아마존 EKS로 배우는 데브옵스 및 IaC 기반 서비스 배포와 관리,아이자와 고지,동양북스,2021,
266,(태영호 증언) 3층 서기실의 암호 :전 영국 주재 북한공사 태영호의 증언,태영호 [지음],기파랑,2018,
267,(프렌즈) 스페인?포르투갈 :마드리드?바르셀로나?리스본: 최신판 season7 '19~'20 =Spain?Portugal,박현숙 지음,중앙books: 중앙일보플러스,2019,
268,"(허영만) 꼴 .1 ,얼굴을 보고 마음을 읽는다",허영만 글.그림,위즈덤하우스,2008,
269,(흔들리지 않고 끝까지 계속하게 만드는) 루틴의 힘,댄 애리얼리,부키,2020,
270,2030 축의 전환 :새로운 부와 힘을 탄생시킬 8가지 거대한 물결,마우로 기옌 지음,리더스북 : 웅진씽크빅,2020,
271,28 :정유정 장편소설,정유정 지음,은행나무,2013,
272,AI 혁명의 미래 :반도체를 넘어 인공지능으로,정인성,이레미디어,2023,
273,Bigvoca core :단어를 외우는 가장 완벽한 방법,신영준 지음,로크미디어,2016,
274,"Go go 카카오프렌즈 :세계 역사 문화 체험 학습만화 .22 ,페루(Peru)",김미영 글,아울북×Kakao Friends : 북이십일 아울북,2021,
275,"Go go 카카오프렌즈 :세계 역사 문화 체험 학습만화 .24 ,스웨덴(Sweden)",김미영 글,아울북×Kakao Friends : 북이십일 아울북,2022,
276,"Go go 카카오프렌즈 :세계 역사 문화 체험 학습만화 .26 ,폴란드(Poland)",김미영 글,아울북×Kakao Friends : 북이십일 아울북,2022,
277,I'm glad my mom died,[by] Jennette McCurdy,Simon & Schuster,2022,
278,"NFT, 처음 만나는 세계 :메타버스, 블록체인, 암호화폐로 펼쳐지는 새로운 예술의 장",심상용,Sigongart : 시공사,2022,
279,"太白山脈 :趙廷來 大河小說 .1 ,제1부 恨의 모닥불",조정래 [저],해냄출판사,2007,
280,간헐적 몰입 :잠재력이 삶의 무기가 되는 에너지 몰입 혁명 =Intermittent flow,조우석 지음,라이스메이커,2022,
281,"객체지향의 사실과 오해 :역할, 책임, 협력 관점에서 본 객체지향 =The essence of object-orientation : roles, responsibilities, and collaborations",조영호 지음,위키북스,2015,
282,건강의 뇌과학 :날마다 젊어지는 뇌의 비밀,제임스 굿윈 지음,현대지성,2022,
283,경매 교과서 :생초보도 쉽게 따라 할 수 있는 경매,안정일 지음,지상사: 청홍,2023,
284,경복궁의 동물과 문양 이야기 =A story on the animals and patterns of Gyeongbokgung palace,박영수 글?사진,풀과바람,2019,
285,"경성의 화가들, 근대를 거닐다 .[1] ,서촌편",황정수 지음,푸른역사,2022,
286,공부머리 독서법 :실현 가능하고 지속 가능한 독서교육의 모든 것,최승필 지음,책구루,2018,
287,그녀는 다 계획이 있다 :히가시노 게이고 장편소설,히가시노 게이고 지음,하빌리스: 대원씨아이,2021,
288,그림자밟기 여관의 괴담 :오시마 기요아키 연작소설,오시마 기요아키 지음,현대문학,2022,
289,금융 오디세이 :돈과 인간 그리고 은행의 역사 =An odyssey of money and banking,차현진 지음,메디치: 메디치미디어,2021,
290,기억 :베르나르 베르베르 장편소설 .2,베르나르 베르베르 지음,열린책들,2020,
291,기억의 뇌과학 :인간의 기억은 어떻게 만들어지고 사라지는가,리사 제노바 지음,웅진지식하우스: 웅진씽크빅,2022,
292,나는 4시간만 일한다 :디지털 노마드 시대 완전히 새로운 삶의 방식,팀 페리스 지음,빛과향기: 다른상상,2017,
293,나는 마트 대신 부동산에 간다 : 3천만 원으로 6년 만에 아파트 15채 : 보유 복부인 김유라의 아파트 투자 분투기,김유라 지음,한국경제신문: 한경BP,2016,
294,나는 아끼는 대신 더 벌기로 했다 :N잡 워킹맘의 수익형 블로그 만들기,율마 지음,경이로움: 사이다경제,2022,
295,나이 들수록 인생이 점점 재밌어지네요 :어쩌다 보니 스마트폰 게임 앱 개발!: 전 세계가 주목한 82세 할머니 마짱의 두근두근 설레는 인생,와카미야 마사코 지음,가나출판사 : 가나문화콘텐츠,2019,
296,낯선 자의 일기 :엘리 그리피스 장편소설,엘리 그리피스 지음,나무옆의자,2021,
297,내 것이 아닌 잘못 :아사쿠라 아키나리 장편소설,아사쿠라 아키나리 지음,블루홀6(블루홀식스),2023,
298,넛지 :똑똑한 선택을 이끄는 힘,리처드 탈러,Leader's book: 웅진씽크빅,2019,
299,노동자 없는 노동 :플랫폼 자본주의의 민낯과 미세노동의 탄생,필 존스 지음,R(롤러코스터),2022,
300,녹나무의 파수꾼 =The camphorwood custodian,히가시노 게이고 지음,소미미디어,2020,
301,뉴욕 정신과 의사의 사람 도서관 :낙인과 혐오를 넘어 이해와 공존으로,나종호 지음,아몬드,2022,
302,뉴욕타임스 편집장의 글을 잘 쓰는 법 :자신의 글을 써보기로 마음먹은 사람들에게,트리시 홀 지음,더 퀘스트 : 길벗,2021,
303,닥터 데스의 유산 :나카야마 시치리 장편소설,나카야마 시치리 지음,블루홀6(블루홀식스),2022,
304,달까지 가자 :장류진 장편소설,장류진 지음,창비,2021,
305,더 해빙 :부와 행운을 끌어당기는 힘 =The having,이서윤,수오서재,2020,
306,도쿄 큐레이션 :에디터 관찰자 시점으로 전하는 6년의 기록 =Tokyo curation,이민경 글?사진,진풍경,2022,
307,디지털포렌식 기술 :컴퓨터 구조와 디지털 저장매체 / 파일시스템과 운영체제 / 응용프로그램과 네트워크 / 데이터베이스,노명선,미디어북,2018,
308,라플라스의 마녀 :히가시노 게이고 장편소설,히가시노 게이고 지음,현대문학,2016,
309,럭키 드로우 :나만의 길을 찾을 때까지 인생의 레버를 당기는 법 =Lucky draw,드로우앤드류 지음,다산북스,2022,
310,레니와 마고의 백 년 :매리언 크로닌 장편소설,매리언 크로닌 지음,해피북스투유,2022,
311,루팡의 딸 .5 =Daughter of Lupin,요코제키 다이 지음,Book Plaza(북플라자),2022,
312,링컨 하이웨이 :에이모 토울스 장편소설,에이모 토울스 지음,현대문학,2022,
313,마음챙김 :뇌를 재설계하는 자기연민 수행,샤우나 샤피로 지음,Andromedian: 로크미디어,2021,
314,만일 내가 인생을 다시 산다면 :벌써 마흔이 된 당신에게 해 주고 싶은 말들 42,김혜남 지음,메이븐,2022,
315,매우 예민한 사람들을 위한 책 :뇌과학과 정신의학이 들려주는 당신 마음에 대한 이야기,전홍진 지음,글항아리,2020,
316,매일 읽겠습니다 :책과 가까워지는 53편의 에세이 =Everyday book,황보름 지음,어떤책,2021,
317,머더하우스 =Murder house,이가라시 다카히사 지음,JMbooks: 제우미디어,2022,
318,메이드,니타 프로스 지음,마시멜로: 한국경제신문 한국BP,2023,
319,"멘탈을 바꿔야 인생이 바뀐다 :원하는 것에만 집중해, 당신의 인생을 놀랍게 변화시켜라: 나의 잠재력을 최대로 끌어올려 100% 성공하는 삶을 사는 방법",박세니 지음,Mindset: 바이포엠 스튜디오,2022,
320,면접 바이블 =The myunjub bible 2.0,Lee Hyung 지음,NRD3: Alivebooks,2022,
321,명랑한 은둔자,캐럴라인 냅 지음,바다출판사,2020,
322,모스크바의 신사 :에이모 토울스 장편소설,에이모 토울스 [지음],현대문학,2018,
323,물은 비밀을 알고 있다 :세상과 인간을 이해하는 가장 완벽한 재료,최종수 지음,Whale Books(웨일북),2023,
324,미디어의 이해 :인간의 확장,마셜 매클루언 지음,커뮤니케이션북스,2011,
325,"미스터 마켓 :2023년, 부의 재분배가 일어난다 .2023",이한영,Page2(페이지2북스),2022,
326,"미중전쟁 .1 ,풍계리 수소폭탄",김진명 [지음],쌤앤파커스,2017,
327,밤의 여행자들 :윤고은 장편소설,윤고은 지음,민음사,2013,
328,밤이 선생이다 :황현산 산문집,황현산 [지음],문학동네: 난다,2013,
329,"방구석 미술관 :가볍게 시작해 볼수록 빠져드는 한국 현대미술 .2 ,한국",조원재 지음,블랙피쉬: 백도씨,2020,
330,방주 :유키 하루오 장편소설,유키 하루오 지음,블루홀6(블루홀식스),2023,
331,백년 허리 :허리 보증 기간을 100년으로 늘리는 방법,정선근 [지음],사이언스북스,2015,
332,백조와 박쥐 :히가시노 게이고 장편소설,히가시노 게이고 지음,현대문학,2021,
333,보다 읽다 말하다 :김영하 인사이트 3부작,김영하 지음,복복서가,2021,
334,"복제인간 윤봉구 .2 ,버킷리스트",임은하 글,비룡소,2018,
335,봄봄 딸기,김지안 글?그림,JEI 재능교육: 재능교육,2019,
336,부는 어디서 오는가 :100년 동안 단 1%만 알았던 부와 성공의 법칙: 1910년 오리지널 초판본 디자인,월리스 와틀스 지음,포레스트북스: 콘텐츠그룹 포레스트,2022,
337,부동산 트렌드 :대폭락을 기회로 전환하는 법: 하버드 박사 김경민 교수의 부동산 투자 리포트 .2023,김경민 지음,와이즈맵,2022,
338,부자 습관 가난한 습관 :부자가 되기로 마음먹은 사람들에게,톰 콜리,한국경제신문 : 한경BP,2022,
339,부자의 그릇 :돈을 다루는 능력을 키우는 법,이즈미 마사토 지음,다산북스,2020,
340,블립 :일상의 현실을 바꾸는 무한한 가능성의 발견 =Bleep,윌리암 안츠,지혜의나무,2010,
341,비행운,김애란 지음,문학과지성사,2012,
342,사람을 살리는 음식 사람을 죽이는 음식 :동의보감과 천기누설에는 없는 위대한 생태음식 이야기,최철한 지음,라의눈,2015,
343,"살면서 꼭 봐야할 영화 :특선 한국영화 시리즈 [비디오녹화자료] .[1-8] ,태백산맥",임권택 [감독],HME [공급],2015,
344,상실의 시대 :무라카미 하루키 장편소설,무라카미 하루키 [지음],문학사상사,2010,
345,선생님이 알아서는 안 되는 학교 폭력 일기,쿤룬 지음,한스미디어: 한즈미디어,2022,
346,세금 내는 아이들의 생생 경제 교실 .1,최재훈 글,Sandbox Story Kids(샌드박스스토리 키즈) : 샌드박스네트워크,2022,
347,세금 내는 아이들의 생생 경제 교실 .2,최재훈 글,Sandbox Story Kids(샌드박스스토리 키즈) : 샌드박스네트워크,2023,
348,"세상 끝의 카페 :막다른 곳, 행복은 바로 거기에 있었다",존 스트레레키 지음,북레시피,2018,
349,소년과 두더지와 여우와 말,찰리 맥커시 글?그림,상상의 힘,2020,
350,수박 수영장 :안녕달 그림책,안녕달 [지음],창비,2016,
351,순이 삼촌 :현기영 소설집,현기영 지음,창비,2008,
352,숲속의 자본주의자 :자본주의의 변두리에서 발견한 단순하지만 완전한 삶 =A capitalist in the woods,박혜윤 지음,다산초당: 다산북스,2021,
353,스타트 위드 와이 :나는 왜 이 일을 하는가,사이먼 시넥 지음,세계사: 세계사컨텐츠그룹,2021,
354,스토리만이 살길 :콘텐츠 전쟁에서 승리하는 27가지 스토리 법칙,리사 크론 지음,부키,2022,
355,슬픔을 공부하는 슬픔 :신형철 산문,신형철 [지음],한겨레출판,2018,
356,실전 리액트 프로그래밍 :리액트 훅부터 Next.js까지,이재승 지음,인사이트,2019,
357,싫은 일은 죽어도 하지 마라 :좋아하는 일을 하면서 돈 걱정 없이 사는 법 50,가나가와 아키노리 지음,중앙books : 중앙일보플러스,2020,
358,심판,베르나르 베르베르 지음,열린책들,2020,
359,아기를 부르는 그림,미야베 미유키 지음,북스피어,2022,
360,"아무튼, 술",김혼비 [지음],제철소,2019,
361,아이스크림이 꽁꽁,구도 노리코 글?그림,책읽는곰,2018,
362,"아티스트 웨이, 마음의 소리를 듣는 시간 :세상의 모든 소리에 귀 기울여 나를 바꾸는 법 =The artist's way, listening to your heart",줄리아 캐머런 지음,비즈니스북스,2022,
363,악마의 증명 :도진기 소설집,도진기 [지음],김영사 : 비채,2017,
364,안녕의 의식 :미야베 미유키 소설집,미야베 미유키 지음,비채: 김영사,2023,
365,알사탕,백희나 [지음],책읽는곰,2017,
366,"앞으로 3년, 돈이 흐르는 곳에 투자하라",제갈량 지음,길벗,2022,
367,어느 투자자의 회상 :제시 리버모어,에드윈 르페브르 지음,Page2(페이지2북스),2022,
368,어디서 살 것인가 :우리가 살고 싶은 곳의 기준을 바꾸다,유현준 지음,을유문화사,2018,
369,어떻게 말해줘야 할까 :오은영의 현실밀착 육아회화 : 버럭하지 않고 분명하게 알려주는 방법,오은영 글,김영사,2020,
370,어떻게 물리학을 사랑하지 않을 수 있을까? :이 세상을 이해하는 가장 정확한 관점,짐 알칼릴리 지음,윌북,2022,
371,어떻게 민주주의는 무너지는가 :우리가 놓치는 민주주의 위기 신호,스티븐 레비츠키,어크로스,2018,
372,여덟 단어 :인생을 대하는 우리의 자세,박웅현 지음,북하우스 퍼블리셔스,2013,
373,역사의 쓸모 :자유롭고 떳떳한 삶을 위한 22가지 통찰,최태성 지음,다산초당: 다산북스,2019,
374,염증 해방 :병 없이 오래 사는 사람들의 비밀,정세연 지음,다산라이프 : 다산북스,2022,
375,영국 빅토리아 여왕과 귀족 문화 :Queen Victoria,무라카미 리코 지음,AK Trivia Book: 에이케이커뮤니케이션즈,2023,
376,영화가 내 몸을 지나간 후,정희진 지음,교양인,2022,
377,오베라는 남자,프레드릭 배크만 [지음],다산책방,2015,
378,"오직 두 사람 :김영하 소설 : 그 두 사람, 오직 두 사람만이 느꼈을 어떤 어둠에 대해서",김영하 [지음],문학동네,2017,
379,왓칭 : 신이 부리는 요술 =Watching,김상운 지음,정신세계사,2011,
380,왜 나는 너를 사랑하는가,알랭 드 보통 지음,청미래,2002,
381,용서받지 못한 밤 :미치오 슈스케 장편소설,미치오 슈스케 지음,놀: 다산북스,2022,
382,우리는 마약을 모른다 :교양으로 읽는 마약 세계사,오후 지음,동아시아,2018,
383,유럽 도시 기행 :Athenae Roma Istanbul Paris .1,유시민 [지음],생각의길: 아름다운사람들,2019,
384,육임 설계원리와 해석법,이승재,과학역연구소: 부크크(Bookk),2023,
385,음식 중독 :먹고 싶어서 먹는다는 착각,마이클 모스 지음,민음사,2023,
386,이것은 작은 브랜드를 위한 책 :우주에 흔적을 남겨라,이근상 지음,몽스북,2021,
387,이상한 엄마,백희나 [지음],책읽는곰,2016,
388,이상한 집,우케쓰 지음,Readbie: 디앤씨미디어,2022,
389,인간 실격,다자이 오사무 [저],민음사,2004,
390,일의 격(格) :성장하는 나 성공하는 조직 성숙한 삶,신수정 지음,턴어라운드,2021,
391,"자본론 :정치경제학 비판 .제Ⅰ권 (상) ,자본의 생산과정",카를 마르크스 지음,비봉출판사,2015,
392,"자본론 :정치경제학 비판 .제Ⅰ권 (하) ,자본의 생산과정",카를 마르크스 지음,비봉출판사,2015,
393,"재인, 재욱, 재훈 :정세랑 소설",정세랑 [지음],은행나무,2014,
394,절연 :아시아의 젊은 작가들,정세랑,문학동네,2022,
395,정의란 무엇인가,마이클 샌델 [저],와이즈베리 : 미래엔,2014,
396,제로 투 원 :스탠퍼드대학교 스타트업 최고 명강의,피터 틸,한국경제신문: 한국경제신문 한경BP,2014,
397,"조금씩, 천천히, 자연식물식 :채식과 건강식을 고민하는 사람들을 위한 필독서",이의철 지음,니들북: 대원씨아이,2021,
398,종이학 살인사건,치넨 미키토 지음,Book Plaza(북플라자),2022,
399,주식투자 무작정 따라하기 =Stock market investing,윤재수 지음,길벗,2020,
400,죽이고 싶은 아이 :이꽃님 장편소설,이꽃님 지음,우리학교,2021,
401,"지적 대화를 위한 넓고 얕은 지식 .2 ,현실 너머-철학?과학?예술?종교?신비",채사장 지음,웨일북(Whale Books),2020,
402,직장인의 경제적 자유는 ETF가 답이다,이종호 지음,한국경제신문i,2022,
403,직장인이지만 공무원연금 받기로 했습니다 :계좌 개설부터 고수익 전략까지 연금 투자 무작정 따라하기,이영빈 지음,에프엔미디어,2022,
404,짝 없는 여자와 도시,비비언 고닉 지음,글항아리,2023,
405,"차라투스트라, 그에게 삶의 의미를 묻다 :니체의 『차라투스트라는 이렇게 말했다』에 대한 서울대 박찬국 교수의 명강의",박찬국 지음,세창출판사,2020,
406,"차이나 쇼크, 한국의 선택 :왜 지금 중국이 문제인가?",한청훤 지음,Sideways(사이드웨이),2022,
407,참을 수 없는 존재의 가벼움,밀란 쿤데라 지음,민음사,2009,
408,참을 수 없는 존재의 가벼움,밀란 쿤데라 [지음],민음사,2018,
409,창문 넘어 도망친 100세 노인 :요나스 요나손 장편소설,요나스 요나손 지음,열린책들,2013,
410,천 원을 경영하라,박정부 지음,쌤앤파커스,2022,
411,천국의 책방 [DVD녹화자료] .DISC 1 =天國の本屋 戀火;Heaven`s Bookstore,시노하라 데츠오,미디어소프트 [제공],2006,
412,천년의 질문 :조정래 장편소설 .1,조정래 저,해냄: 해냄출판사,2019,
413,철학은 어떻게 삶의 무기가 되는가 :불확실한 삶을 돌파하는 50가지 생각 도구,야마구치 슈 지음,다산초당: 다산북스,2019,
414,쿼런틴,그렉 이건 지음,허블,2022,
415,타인의 고통,수전 손택 지음,이후,2011,
416,틀려도 괜찮아,마키타 신지 글,토토북,2010,
417,파이어 :그들은 어떻게 남들보다 빨리 경제적 자유를 이뤘을까? =Fire,강환국 지음,Page2(페이지2북스),2022,
418,페인트 :이희영 장편소설,이희영 지음,창비,2019,
419,프로그래머를 위한 파이썬 :실전 프로젝트로 배우는 소프트웨어 개발의 원리와 정석,데인 할라드 지음,제이펍,2020,
420,피구 숙제,후쿠다 이와오 글?그림,상상의집: 루크하우스,2022,
421,피프티 피플 :정세랑 장편소설,정세랑 지음,창비,2021,
422,하마터면 열심히 살 뻔했다 :야매 득도 에세이,하완 지음,웅진지식하우스,2018,
423,"한문철의 어린이 교통안전 .1 ,어린이가 스스로 안전을 지키는 그날까지",유경원 글,다산어린이: 다산북스,2023,
424,해가 지는 곳으로 :최진영 장편소설,최진영 [지음],민음사,2017,
425,"행복의 기원 :인간의 행복은 어디서 오는가 : 생존과 번식, 행복은 진화의 산물이다",서은국 지음,21세기북스: 북이십일,2014,
426,협곡에서 살아남기,달콤팩토리 글,미래엔: Mirae N 아이세움,2017,
427,호모 데우스 :미래의 역사,유발 하라리 [지음],김영사,2017,
428,('게으른 나'를 인정했더니) 방이 더 깨끗해졌어요! :게으름뱅이의 작심삼일 퇴치하기,와타나베 폰 지음,이아소,2020,
429,(52개 주제로 읽는) 로마인 이야기,이와타 슈젠 감수,시그마북스,2022,
430,(ADsP) 데이터 분석 준전문가 :4년 연속 ADsP 시험교재 베스트셀러: 합격을 위한 완벽 요약집,윤종식 저,Dataedu(데이터에듀),2019,
431,"(Do it!) 점프 투 파이썬 :공식 문서에서 길을 잃은 개발자를 위한 파이썬 라이브러리 실전 안내서! ,라이브러리 예제 편 =Do it! jump to Python library cookbook",박응용 지음,이지스퍼블리싱,2022,
432,(EBS) 당신의 문해력 :공부의 기초체력을 키워주는 힘,김윤정 글,EBS Books: 한국교육방송공사(EBS),2021,
433,(Nikon) D850 guide book,インプレス [편],디카톡,2018,
434,"(R 사용자를 위한) Shiny 마스터 가이드 :인터랙티브 앱, 리포트, 대시보드 만들기",해들리 위컴 지음,인사이트,2022,
435,(The) Year of magical thinking,by Joan Didion,Vintage,2007,
436,(Tripful) 제주 :Udo?Biyangdo?Marado?Gapado =Jeju,written by 이지앤북스 편집팀,피그마리온,2022,
437,(who? 스페셜) 김연아 .[1] =(who? special) Kim Yu-na,오영석 글,스튜디오 다산: 다산어린이,2014,
438,"(가장 쉬운 독학) 알고리즘 첫걸음 :코딩 테스트에 대비하는 25가지 기초 알고리즘과 최적화 ,파이썬편",마스이 도시카츠 지음,동양북스,2022,
439,(가장 쉬운) 스페인어 첫걸음의 모든 것 :회화편,박기호 지음,동양북스,2012,
440,"(거의없다의) 방구석 영화관 :영화를, 고상함 따위 1도 없이 세상을, 적당히 삐딱하게 바라보는",거의없다 지음,왼쪽주머니 : 사람in,2020,
441,"(고우영) 십팔사략 :올컬러 완전판 .1 ,삼황오제(三皇五帝)에서 서주(西周)까지",고우영 [지음],애니북스,2012,
442,(그림과 실습으로 배우는) 도커&쿠버네티스 :개념과 작동 원리가 쏙쏙 이해되는 완벽 입문서,오가사와라 시게타카 지음,위키북스,2022,
443,"(나 혼자 만든다!) 영화 추천 웹 서비스로 배우는 풀스택 :파이썬, 리액트, 깃허브 액션에서 스타트업 개발자 성장 노하우까지: #풀스택 #영화추천서비스 #프로젝트 #스타트업",최규민 지음,BJpublic(비제이퍼블릭),2022,
444,(나의 말과 글이 특별해지는) 어른의 어휘 공부 :어휘의 빈곤을 채워 내 삶의 밀도를 높이는 법,신효원 지음,책장속books(책장속북스),2022,
445,"(난생 처음 한번 공부하는) 미술 이야기 .7 ,르네상스의 완성과 종교개혁 : 미술의 시대가 열리다",양정무 지음,사회평론,2022,
446,"(난생 처음 한번 들어보는) 클래식 수업 .1 ,모차르트, 영원을 위한 호소",민은기 지음,사회평론,2018,
447,(누구나 알지만 아무나 모르는) 한자어 이야기,홍승직 지음,행성비: 행성B잎새,2015,
448,(데일 카네기) 인간관계론 :인간관계 바이블: 2020 원본 완역판,데일 카네기 지음,중앙경제평론사,2020,
449,(도슨트 정우철의) 미술 극장 :오늘보다 더 눈부시게 살고 싶은 당신에게 .2,정우철 지음,EBS Books : 한국교육방송공사(EBS),2022,
450,"(따라하며 배우는) 도커와 CI 환경 :컨테이너 이론부터 Travis CI, AWS 실습까지",안재원 지음,위키북스,2021,
451,(딸을 서울대에 보낸 정용호 강사의) 초등 공부법 :초등교육 상위 1% 티켓!,정용호 지음,직업상점,2023,
452,"(만능 엽기 박사) 빅터 .1 ,우주 전쟁 전략가 도전하기",짐 벤튼 글?그림,사파리: 이퍼블릭,2019,
453,(만들면서 배우는) 러스트 프로그래밍 :다양한 예제로 쉽게 익히고 널리 활용하는 고효율 언어 Rust 실전 가이드,쿠지라 히코우즈쿠에 지음,위키북스,2023,
454,(명화로 읽는) 합스부르크 역사 :Habsburgerreich,나카노 교코 지음,한경arte : 한국경제신문 한경BP,2022,
455,(몸으로 읽는) 세계사 :사소한 몸에 숨겨진 독특하고 거대한 문명의 역사,캐스린 페트라스,다산초당: 다산북스,2023,
456,(미국인 사용빈도 다반사) 영어회화 구동사 :phrasal verbs,김아영,사람in,2023,
457,"(박시백의) 조선왕조실록 .2 ,태조?정종실록 =The Annals of the Joseon dynasty",박시백 글.그림,휴머니스트,2015,
458,"(박시백의) 조선왕조실록 :대하역사만화 .01 ,개국 : 새로운 세상을 꿈꾸다",박시백 글.그림,휴머니스트,2012,
459,"(배틀) 급식왕 :오싹 소름 과학 만화 .2 ,위험한 몬스터의 숲",급식왕 원작,Sandbox Story Kids(샌드박스스토리 키즈) : 샌드박스네트워크,2022,
460,(부와 행복을 끌어당기는) 말의 알고리즘 =Algorithm of words,고은미,한밤의책: 스몰빅미디어,2022,
461,"(비전공자를 위한 이해할 수 있는) IT 지식 :API, 클라, 서버, 프레임워크...도대체 뭐라는 거야?",최원영 지음,티더블유아이지(T.W.I.G),2020,
462,(빅터 프랭클의) 죽음의 수용소에서 :죽음조차 희망으로 승화시킨 인간 존엄성의 승리,빅터 프랭클 지음,청아출판사,2017,
463,(상상초월) 포켓몬 과학 연구소 .3,야나기타 리카오 글,북이십일: 아울북,2018,
464,(생활코딩!) 아마존 웹 서비스 :핵심 서비스만 쏙쏙 배우는 AWS 10일 완성,이고잉 지음,위키북스,2022,
465,"(설민석의) 한국사 대모험 .11 ,고구려 편 - 부마 온달, 태학에 들어가다!",설민석,아이휴먼: 휴먼큐브,2019,
466,"(설민석의) 한국사 대모험 .16 ,독도 편 : 사라진 천사옥대를 찾아라!",설민석,아이휴먼×Dankkumi : 휴먼큐브,2021,
467,(성공창업을 위한) 카페창업론 =Cafe start-up guide,김영갑,교문사,2021,
468,(세상에서 가장 쉬운) 하고 싶은 일 찾는 법 :인생의 막막함에서 해방되는 자기이해 방식 =The world's easiest way to find what you want to do,야기 짐페이 지음,소미미디어,2022,
469,(소리튠) 영어 혁명 :30년 영알못도 귀가 뚫리고 입이 트이는,갓주아 지음,미다스북스,2022,
470,(쉽게 시작하는) 쿠버네티스 :시작 단계에서 가장 필요한 핵심만 담았다! =Getting started Kubernetes,서지영 지음,길벗,2023,
471,(신비아파트 고스트볼X의 탄생) 암흑의 고사성어,김현수 글,위즈덤하우스 : 위즈덤하우스 미디어그룹,2019,
472,(신비아파트) 공포이상기후탈출 :이상 기후 과학 상식,유경원 글,서울문화사,2019,
473,"(실무에 바로 쓰는) Go 언어 핸즈온 가이드 :실용적 Go 언어 비법서: Go 언어의 개념, 기능, 패턴부터 커맨드 라인, HTTP, gRPC 애플리케이션 개발까지",아미트 사하 지음,제이펍,2022,
474,(십 대가 알아야 할) 인공지능과 4차 산업혁명의 미래 :처음 만나는 디지털인문학,전승민 지음,팜파스,2018,
475,(아이 스스로 원서를 읽고 사고력을 키워가는) 누리보듬 엄마표영어 톺아보기,한진희 지음,서사원,2023,
476,"(안 아프게 백년을 사는) 생체리듬의 비밀 :노벨의학상이 밝힌 식사, 수면, 휴식의 규칙",막시밀리안 모저 지음,추수밭 : 청림출판,2019,
477,(앤서니 브라운의) 마술 연필,앤서니 브라운,웅진주니어,2010,
478,"(양육, 학습, 입시를 꿰뚫는) 자녀교육 절대공식",방종임 지음,위즈덤하우스,2023,
479,(업무에 바로 활용하는) SSS급 일잘러를 위한 파이썬과 40개의 작품들 :파이썬을 '내' 업무처리 도구로 활용하여 칼퇴하자!,장문철 저,앤써북,2022,
480,"(엽기 과학자) 프래니 .1 ,도시락 괴물이 나타났다",짐 벤튼 글?그림,이퍼블릭,2005,
481,"(엽기 과학자) 프래니 .2 ,거인 큐피드의 공격",짐 벤튼 글?그림,사파리 : 이퍼블릭,2019,
482,"(엽기 과학자) 프래니 .3 ,투명 인간이 된 프래니",짐 벤튼 글?그림,사파리 : 이퍼블릭,2019,
483,(오은영의) 화해 :상처받은 내면의 '나'와 마주하는 용기,오은영 지음,코리아닷컴(KOREA.COM): 대성,2019,
484,(우당탕탕 야옹이와) 금빛 마법사 :구도 노리코 동화,구도 노리코 [지음],책읽는곰,2022,
485,(웹 개발자를 위한) 자바스크립트의 모든 것 :ES2015-ES2020과 그 이후의 모든 것,T.J. 크라우더 지음,길벗,2022,
486,(이상한 과자 가게) 전천당 .16,히로시마 레이코 글,길벗스쿨,2022,
487,(이상한 과자 가게) 전천당 :공식 가이드북,히로시마 레이코 글,길벗스쿨,2022,
488,(일러스트) 연금술사 :파울로 코엘료 장편소설,파울로 코엘료 지음,문학동네,2011,
489,(읽으면서 바로 써먹는) 어린이 관용구,한날 글?그림,파란정원: 책먹는아이,2018,
490,(읽으면서 바로 써먹는) 어린이 맞춤법,한날 글?그림,파란정원: 책먹는아이,2019,
491,(읽으면서 바로 써먹는) 어린이 명심보감,한날 글?그림,파란정원,2020,
492,"(읽으면서 바로 써먹는) 어린이 수수께끼 .[2] ,공포 특급",한날 글?그림,파란정원: 책먹는아이,2022,
493,"(정재승의) 인간 탐구 보고서 .10 ,공감은 마음을 연결하는 통로",정재은,아울북: 북이십일,2022,
494,(줄리언 반스의) 아주 사적인 미술 산책,줄리언 반스 지음,다산책방 : 다산북스,2019,
495,(집에서 배우는) 가상화의 기본 개념,Takaoka Susumu,정보문화사,2015,
496,"(채사장의) 지대넓얕 :지적 대화를 위한 넓고 얕은 지식 .02 ,자본이라는 신",채사장,Dolphin Books(돌핀북),2022,
497,"(채사장의) 지대넓얕 :지적 대화를 위한 넓고 얕은 지식 .04 ,보이지 않는 손",채사장,Dolphin Books(돌핀북),2022,
498,"(카카오프렌즈) 과학 탐정단 :미스터리 과학 학습만화 .1 ,로봇",김승현 글,대원키즈 : 대원씨아이,2019,
499,(파이썬으로 구현하는) AI 이해와 활용,박상배,일진사,2022,
500,"(파이썬을 이용한) 퀀트 투자 포트폴리오 만들기 :파이썬 기초, 데이터 크롤링 및 분석, 퀀트 전략을 활용한 투자 종목 선정까지!",이현열 지음,제이펍,2023,