ID,PASSWORD
jangjimin50,PhFzWBKKV7
choiyoon31,9okq3oT6T2
parkjiwoo30,Qr2QBYFXeD
kimgunwoo57,kFJp9X1hZt
leesiyun89,2jmj7l60iF
jangleesoo57,ehM0hXGcPe
choiseojun22,JZ15YvH8sJ
kimbora70,PVIsEGHfN1
leemiyoung25,ZZd7QZSMY3
jangsiwon70,cgBQ6JzA6R
choijieun47,GCZpOhUZG6
imhaeun63,W1zSnJtvzi
parkjaehyun43,CX2I4aJx1Z
choihyunjin56,QfJ6yY5G5S
jangleemin39,5N1JF4G2QK
kimsomin23,uJdNz3Cqro
limsiwoo43,1xGpU6gR5K
parkjaewon46,ShDp7WTblY
jangjihyun73,TJZ2FWV7gT
choisomi26,BOvk0nA0zE
limminseo17,hzPtdJxttI
kimsuyeon87,WLb9ZzD4oG
parkjisoo27,RNnRbKtDGV
leeyerin37,wBR49oAenZ
jangjungmin98,2MHk1GkzwH
leeyejun52,bg2XowPLxb
choiwoojin11,7Bk5icTVzf
parkjisu91,la94r6Imju
jangjihoon87,KBrlLExdV7
jangjiwoo49,kV7MwFyNk6
,